country_iso3,country_iso2,name,tier,base,growth_focused,risk_controlled,channel_expansion,base_rank,growth_focused_rank,risk_controlled_rank,channel_expansion_rank,rank_std,stability,interpretation,market_role
ARE,AE,United Arab Emirates,watchlist,62.6,61.6,69.2,58.9,1,1,1,1,0.0,stable,High purchasing power. K-beauty/K-culture popular. Gateway to broader GCC market.,Expansion watchlist - high-signal opportunity
USA,US,United States,core,52.7,47.2,64.9,56.1,2,3,2,2,0.5,stable,Not a new market entry - focus is channel expansion and SKU diversification across offline retail.,Core market - sell-through and channel expansion priority
BRA,BR,Brazil,watchlist,42.9,48.6,31.4,41.4,3,2,8,3,2.71,volatile,5th largest beauty market globally. Massive long-term potential but high regulatory and operational barriers.,Growth watchlist - volatile/risk-sensitive
GBR,GB,United Kingdom,core,38.6,41.1,42.4,31.0,4,4,6,7,1.5,moderate,English-language market allows reuse of US marketing assets. Good initial test market for Europe.,"Core Europe - competitive market, account growth priority"
DEU,DE,Germany,core,37.2,36.5,46.7,33.3,5,5,3,5,1.0,moderate,Derma skincare culture aligns with Medicube positioning. EU regulatory approval is a gateway to broader Europe.,"Core Europe - competitive market, differentiation required"
POL,PL,Poland,core,34.1,30.2,46.7,39.6,6,6,3,4,1.5,moderate,K-beauty import growth accelerating. Lower competition and entry cost than Western EU. Potential test market for Eastern European expansion.,Secondary Europe - whitespace test market (domestic channels unverified)
FRA,FR,France,core,28.9,23.9,43.7,32.5,7,8,5,6,1.29,moderate,Beauty powerhouse but brand trust barrier is high. Clinical/derma messaging must be polished for sophisticated consumers.,"Core Europe - premium channel present, editorial visibility gap"
ESP,ES,Spain,core,28.7,25.4,41.9,31.0,8,7,7,7,0.5,stable,K-beauty import growth rising. Untapped potential at accessible price points. APR has existing distributor relationship.,Secondary Europe - Medicube reactivation opportunity
KAZ,KZ,Kazakhstan,watchlist,24.6,22.5,30.8,28.6,9,9,9,9,0.0,stable,CIS gateway with less sanctions risk than Russia. Growing middle class and K-culture popularity. Long-term strategic bet.,"CIS - marketplace-led market, channel control needed"
